Name,Age,Experience
Meridith Marklow,31,6
Rudie Kirkbride,38,12
Gerik Kilrow,41,15
Ileane Ablott,31,11
Anthony Selland,35,8
Jock Duckinfield,43,5
Temple Latour,37,14
Delphinia Arnet,41,10
Langston Izakson,43,7
Doria Figura,30,12
Mellie Eyles,32,14
Almire Bertl,37,8
Rollins Rignoldes,30,7
Jacklin Champerlen,32,9
Gretta Sprackling,33,11
Gill Edgerton,38,5
Jaquith Austwick,39,13
Bartie Edwins,40,15
Maurine Frude,33,8
Tibold Norwell,37,9
Marie-ann Wharin,41,7
Rafaello Solomonides,44,7
Clemmy Lanon,44,9
Seumas McMichael,32,9
Dale Beldom,32,14
Marsha Forseith,37,6
Sherlocke Rey,37,5
Alyssa Haukey,34,6
Jori McEniry,37,14
Chandra Lean,34,12
Archambault Mc Gee,30,9
Aimee Retallick,44,13
Katusha Gosker,30,5
Humfried Mathews,40,6
Gerianna Grabbam,31,13
Kristos Josham,43,13
Darya Feathers,44,15
Gordon Fitzpayn,39,10
Lidia Glide,35,8
Maudie Kinchlea,37,10
Louie Bohlens,36,9
Ira Fulham,32,5
Maurizio Dine-Hart,36,15
Birch Welberry,45,10
Fawne Zamorano,36,9
Vale Trumpeter,34,9
Kendrick Latore,43,12
Early Spratt,30,6
Zabrina Titt,37,9
Gretchen Studde,32,10
